name,latitude,longitude,osm_type,geometry
"Industrial Area, Manter Wadi, Haveli Subdistrict, Pune, Maharashtra, India",18.4517155,73.971314,industrial,POINT (73.971314 18.4517155)
"Maharashtra Industrial Development Corporation, Karegaon, Shirur, Pune, Maharashtra, India",18.7854121,74.2809907,industrial,POINT (74.2809907 18.7854121)
"Hadapsar Industrial Estate, Fatima Nagar, Pune, Pune City Subdistrict, Pune, Maharashtra, 411001, India",18.5098942,73.9159609,industrial,POINT (73.9159609 18.5098942)
"Ramtekdi Industrial Estate, Fatima Nagar, Pune, Pune City Subdistrict, Pune, Maharashtra, 411001, India",18.4960605,73.9191747,industrial,POINT (73.9191747 18.4960605)
"Gultekdi Industrial Estate, Mukund Nagar, Pune, Pune City Subdistrict, Pune, Maharashtra, 411001, India",18.4957461,73.8678108,industrial,POINT (73.8678108 18.4957461)
"Gandhi Bhavan Industrial Estate, Warje, Anandnagar, Pune City Subdistrict, Pune, Maharashtra, 411051, India",18.4965318,73.8027449,industrial,POINT (73.8027449 18.4965318)
"Mahasainik Industrial Estate, Bhosari, Pimpri-Chinchwad, Haveli Subdistrict, Pune, Maharashtra, India",18.6241532,73.8324469,park,POINT (73.8324469 18.6241532)
"Anant Industrial Estate, Dhayari, Haveli Subdistrict, Pune, Maharashtra, India",18.4459943,73.8198583,industrial,POINT (73.8198583 18.4459943)
"Narhe Industrial Estate Road, Dhayari, Haveli Subdistrict, Pune, Maharashtra, 411041, India",18.4493319,73.8201995,residential,POINT (73.8201995 18.4493319)
"IndoSpace Industrial Park Ranjangaon, Shirur, Pune, Maharashtra, India",18.7713616,74.2664695,industrial,POINT (74.2664695 18.7713616)
"Matchwel Factory Road | Christ College Road | Bethany Ashram Road, Ramwadi, Ward 12, Pune, Pune City Subdistrict, Pune, Maharashtra, 411001, India",18.556677,73.9135362,tertiary,POINT (73.9135362 18.556677)
"Talab Factory, Kondhwa Main Road, Kondhwa, Kondhwa Budruk, Pune City Subdistrict, Pune, Maharashtra, 411048, India",18.4609651,73.8896542,industrial,POINT (73.8896542 18.4609651)
"Ordnance Factory Hospital, Breman Chowk - Khadki Bazar Road, Mandalay Lines, Khadki, Pune City Subdistrict, Pune, Maharashtra, 411003, India",18.5607785,73.8444489,hospital,POINT (73.8444489 18.5607785)
"Ammunition Factory Ground, Khadki Bazar-Vishrantwadi Road, Mandalay Lines, Khadki, Pune City Subdistrict, Pune, Maharashtra, 411001, India",18.5673714,73.8581681,pitch,POINT (73.8581681 18.5673714)
"Great Kebab Factory, Nagar Road, Kharadi, Pune, Pune City Subdistrict, Pune, Maharashtra, 411014, India",18.5532327,73.9378665,restaurant,POINT (73.9378665 18.5532327)
"The Cake and Cream Factory, Sinhagad Road, Manik Baug, Anandnagar, Pune City Subdistrict, Pune, Maharashtra, 411051, India",18.481336,73.8261832,bakery,POINT (73.8261832 18.481336)
"Puma Factory Outlet, Gopal Hari Deshmukh Marg, Baner Gaon, Baner, Pune, Pune City Subdistrict, Pune, Maharashtra, 411001, India",18.5566334,73.7940954,clothes,POINT (73.7940954 18.5566334)
"Imprints - The printing factory, Pashan-Sus Road, Baner, Pune, Pune City Subdistrict, Pune, Maharashtra, 411001, India",18.5447808,73.7805174,copyshop,POINT (73.7805174 18.5447808)
"The Fatayer Factory, Uttamnagar road, Bavdhan Budruk, Bavdhan, Pune City Subdistrict, Pune, Maharashtra, 411072, India",18.5218618,73.7653274,restaurant,POINT (73.7653274 18.5218618)
"Spice Factory, Gopal Hari Deshmukh Marg, Rutuja Park, Baner, Pune, Pune City Subdistrict, Pune, Maharashtra, 411001, India",18.5664579,73.7711737,restaurant,POINT (73.7711737 18.5664579)
"TATA Hydroelectric Power Plant, Sain Dongar trail, Kusur, Mormatewadi, Mawal Subdistrict, Pune, Maharashtra, India",18.9375279,73.4654909,transformer_tower,POINT (73.4654909 18.9375279)
